{
  "project_info": {
    "project_number": "821667578946",
    "firebase_url": "https://easyfarm-22-default-rtdb.firebaseio.com",
    "project_id": "easyfarm-22",
    "storage_bucket": "easyfarm-22.appspot.com"
  },
  "client": [
    {
      "client_info": {
        "mobilesdk_app_id": "1:821667578946:android:f674920cc81467ea6599db",
        "android_client_info": {
          "package_name": "com.capstone.easyfarm"
        }
      },
      "oauth_client": [
        {
          "client_id": "821667578946-12jeaf2t2gvi951af63qnjg3bj0lt8na.apps.googleusercontent.com",
          "client_type": 3
        }
      ],
      "api_key": [
        {
          "current_key": "AIzaSyCgAql7HFBcFSdEBRCf6abFxPPtqZ9vZiE"
        }
      ],
      "services": {
        "appinvite_service": {
          "other_platform_oauth_client": [
            {
              "client_id": "821667578946-12jeaf2t2gvi951af63qnjg3bj0lt8na.apps.googleusercontent.com",
              "client_type": 3
            }
          ]
        }
      }
    }
  ],
  "configuration_version": "1"
}